{"schemaVersion":"1.0","appDefinitionTemplate":{"id":"/providers/Microsoft.PowerApps/apps/","type":"Microsoft.PowerApps/apps","tags":{"primaryDeviceWidth":"640","primaryDeviceHeight":"640","supportsPortrait":"true","supportsLandscape":"true","primaryFormFactor":"Phone","showStatusBar":"false","publisherVersion":"3.23122.20","minimumRequiredApiVersion":"2.2.0","hasComponent":"true","hasUnlockedComponent":"true","isUnifiedRootApp":"false","offlineLargeFilesSupport":"false","sienaVersion":"20240114T232644Z-3.23122.20.0"},"properties":{"appVersion":"2024-01-14T23:26:44Z","lifeCycleId":"Published","createdByClientVersion":{"major":3,"minor":23122,"build":20,"revision":0,"majorRevision":0,"minorRevision":0},"minClientVersion":{"major":3,"minor":23122,"build":20,"revision":0,"majorRevision":0,"minorRevision":0},"backgroundColor":"RGBA(0,176,240,1)","backgroundImageUri":"/13291499820358663064/N202e24fe-ae65-47dd-a300-7f6ce8f8414d-logoSmallFile","displayName":"User Profile - Cards","description":"","commitMessage":"","appUris":{"documentUri":{"value":"/13291499820358663064/Nacae7738-de9d-49ef-8a6c-eb8df23475c6-document.msapp"},"imageUris":[],"additionalUris":[{"isSolutionAware":false,"value":"/13291499820358663064/N8302ddd9-5e44-4d42-afa4-cef475f4fafa-identity.json"}]},"createdTime":"0001-01-01T00:00:00Z","lastModifiedTime":"0001-01-01T00:00:00Z","sharedGroupsCount":0,"sharedUsersCount":0,"connectionReferences":{"e68d1990-9100-4d1f-8f5a-20e8102f4d3b":{"id":"927cb9a0-1874-4789-bebf-89724d7c4374","displayName":"Office 365 Users","iconUri":"https://connectoricons-prod.azureedge.net/releases/v1.0.1664/1.0.1664.3477/office365users/icon.png","dataSources":["Office365Users"],"dependencies":[],"dependents":[],"parameterHints":{},"parameterHintsV2":{},"isOnPremiseConnection":false,"bypassConsent":false,"dataSets":{},"apiTier":"Standard","isCustomApiConnection":false,"actions":["UserPhotoMetadata","UserPhoto_V2","UserProfile_V2","SearchUserV2"]}},"databaseReferences":{},"almMode":"Solution","performanceOptimizationEnabled":true,"canConsumeAppPass":true,"enableModernRuntimeMode":false,"executionRestrictions":{"isTeamsOnly":false,"dataLossPreventionEvaluationResult":{"status":"Compliant","lastEvaluationDate":"2024-01-14T23:20:01.9694237Z","violations":[],"violationsByPolicy":[],"violationErrorMessage":"The app uses the following connectors: shared_logicflows, shared_office365users."},"httpActionRestriction":{"appUsesSharepointHttpAction":false,"enforcementStrategy":"Legacy","evaluationTime":"2024-01-14T23:20:01.9693459Z"}}},"appType":"ClassicCanvasApp","appComponents":[]}}